text,sentiment,,,,,,,,,,,
The result of Rajouri Garden bypoll proves that Arvind Kejriwal and his team is completely eed in front of people,1,,,,,,,,,,1,
The result of Rajouri Garden bypoll proves that Arvind Kejriwal and his team is completely eed in front of people,1,,,,,,,,,,1,
Case against Arvind Kejriwal for misleading people through video advertisements Read more at,0,,,,,,,,,0,,
Case against Arvind Kejriwal for misleading people through video advertisements Read more at,0,,,,,,,,,0,,
As IIT Engineer Can Share Ways To Rig EVMs Says Arvind Kejriwal NDTV,1,,,,,,1,,,,,
Arvind Kejriwal still believes EVMs were tampered to defeat AAP People who believe earth is flat have requested him to,0,,,,,,,,,,,0
As IIT Engineer Can Share Ways To Rig EVMs Says Arvind Kejriwal NDTV,1,,,,,,0,,,,,
Ram Jethmalani says he is ready to defend for free,1,,,,1,,,,,,,
Election commission is the new Crush of Arvind kejriwal he has been repeatedly taking their name,0,,,,,,,,,0,,
Congratulations to Arvind Kejriwal for stunning victory in Not only AAP won thousand hearts better news is BJP w,1,,,,,,,,,,1,
Arvind Kejriwal still believes EVMs were tampered to defeat AAP People who believe earth is flat have requested him to,0,,,,,,,,,,,0
Pls vote between PM Modi and CM Arvind Kejriwal who told more lies,0,,,,,,1,,,,,
Arvind Kejriwal still believes EVMs were tampered to defeat AAP People who believe earth is flat have requested him to,0,,,,,,,,,,,0
Arvind Kejriwal still believes EVMs were tampered to defeat AAP People who believe earth is flat have requested him to,0,,,,,,,,,,,0
As IIT Engineer Can Share Ways To Rig EVMs Says Arvind Kejriwal NDTV,1,,,,,,1,,,,,
Arvind Kejriwal still believes EVMs were tampered to defeat AAP People who believe earth is flat have requested him to,0,,,,,,,,,,,0
Watch this damning video wherein Kumar Vishwas blames Arvind Kejriwal https,0,,,,,,,0,,,,
As IIT Engineer Can Share Ways To Rig EVMs Says Arvind Kejriwal NDTV,1,,,,,,1,,,,,
Arvind Kejriwal still believes EVMs were tampered to defeat AAP People who believe earth is flat have requested him to,0,,,,,,,,,,,0
As IIT Engineer Can Share Ways To Rig EVMs Says Arvind Kejriwal NDTV,1,,,,,,1,,,,,
As IIT Engineer Can Share Ways To Rig EVMs Says Arvind Kejriwal NDTV,1,,,,,,1,,,,,
As IIT Engineer Can Share Ways To Rig EVMs Says Arvind Kejriwal NDTV,1,,,,,,1,,,,,
LG house now base to topple Delhi government Arvind Kejriwal I pray god gvSomeSense MrAK,0,,,,,,,,1,,,
Arvind Kejriwal Wants MCD Polls Deferred Election Commission Turns Down Request via,0,,,,,,,,0,,,
Arvind Kejriwal still believes EVMs were tampered to defeat AAP People who believe earth is flat have requested him to,0,,,,,,,,,,,0
Arvind Kejriwal still believes EVMs were tampered to defeat AAP People who believe earth is flat have requested him to,0,,,,,,,,,,,0
Arvind Kejriwal still believes EVMs were tampered to defeat AAP People who believe earth is flat have requested him to,0,,,,,,,,,,,0
Arvind Kejriwal still believes EVMs were tampered to defeat AAP People who believe earth is flat have requested him to,0,,,,,,,,,,,0
I support Arvind Kejriwal in this Electronics engineer here From Fabrication to code burn to assembl,1,,,,,,,,,1,,
Arvind Kejriwal still believes EVMs were tampered to defeat AAP People who believe earth is flat have requested him to,0,,,,,,,,,,,0
As IIT Engineer Can Share Ways To Rig EVMs Says Arvind Kejriwal NDTV,1,,,,,,1,,,,,
Arvind Kejriwal still believes EVMs were tampered to defeat AAP People who believe earth is flat have requested him to,0,,,,,,,,,,,0
Arvind Kejriwal still believes EVMs were tampered to defeat AAP People who believe earth is flat have requested him to,0,,,,,,,,,,,0
Arvind Kejriwal still believes EVMs were tampered to defeat AAP People who believe earth is flat have requested him to,0,,,,,,,,,,,0
Arvind Kejriwal still believes EVMs were tampered to defeat AAP People who believe earth is flat have requested him to,0,,,,,,,,,,,0
As IIT Engineer Can Share Ways To Rig EVMs Says Arvind Kejriwal NDTV,1,,,,,,1,,,,,
Arvind Kejriwal still believes EVMs were tampered to defeat AAP People who believe earth is flat have requested him to,0,,,,,,,,,,,0
IIT should sue Arvind Kejriwal for defamation on his statement that Being an IITian he can hack EVM machine,0,,,,,,,,,,0,
As IIT Engineer Can Share Ways To Rig EVMs Says Arvind Kejriwal NDTV,1,,,,,,1,,,,,
As IIT Engineer Can Share Ways To Rig EVMs Says Arvind Kejriwal NDTV,1,,,,,,1,,,,,
Arvind Kejriwal still believes EVMs were tampered to defeat AAP People who believe earth is flat have requested him to,0,,,,,,,,,,,0
Arvind Kejriwal still believes EVMs were tampered to defeat AAP People who believe earth is flat have requested him to,0,,,,,,,,,,,0
IIT should sue Arvind Kejriwal for defamation on his statement that Being an IITian he can hack EVM machine,0,,,,,,,,,,,
As IIT Engineer Can Share Ways To Rig EVMs Says Arvind Kejriwal NDTV,1,,,,,,,,,,,
Arvind Kejriwal still believes EVMs were tampered to defeat AAP People who believe earth is flat have requested him to,0,,,,,,,,,,,
As IIT Engineer Can Share Ways To Rig EVMs Says Arvind Kejriwal NDTV,1,,,,,,,,,,,
Arvind Kejriwal still believes EVMs were tampered to defeat AAP People who believe earth is flat have requested him to,0,,,,,,,,,,,
seeks Arvind Kejriwal s resignation for misuse of public money amp official position,0,,,,,,,,,,,
As IIT Engineer Can Share Ways To Rig EVMs Says Arvind Kejriwal NDTV,1,,,,,,,,,,,
Arvind Kejriwal still believes EVMs were tampered to defeat AAP People who believe earth is flat have requested him to,0,,,,,,,,,,,
Arvind Kejriwal On Huge Losses In Punjab Delhi via This is the mentality of this loser Excuses are ready,,,,,,,,,,,,
Arvind Kejriwal still believes EVMs were tampered to defeat AAP People who believe earth is flat have requested him to,,,,,,,,,,,,
Arvind Kejriwal still believes EVMs were tampered to defeat AAP People who believe earth is flat have requested him to,,,,,,,,,,,,
Arvind Kejriwal still believes EVMs were tampered to defeat AAP People who believe earth is flat have requested him to,,,,,,,,,,,,
Arvind Kejriwal still believes EVMs were tampered to defeat AAP People who believe earth is flat have requested him to,,,,,,,,,,,,
Arvind Kejriwal still believes EVMs were tampered to defeat AAP People who believe earth is flat have requested him to,,,,,,,,,,,,
Arvind Kejriwal still believes EVMs were tampered to defeat AAP People who believe earth is flat have requested him to,,,,,,,,,,,,
The result of Rajouri Garden bypoll proves that Arvind Kejriwal and his team is completely eed in front of people,,,,,,,,,,,,
Arvind Kejriwal still believes EVMs were tampered to defeat AAP People who believe earth is flat have requested him to,,,,,,,,,,,,
Arvind Kejriwal still believes EVMs were tampered to defeat AAP People who believe earth is flat have requested him to,,,,,,,,,,,,
Arvind Kejriwal still believes EVMs were tampered to defeat AAP People who believe earth is flat have requested him to,,,,,,,,,,,,
TIL Desk New Delhi Delhi Chief Minister Arvind Kejriwal today demanded that the municipal polls be postponed,,,,,,,,,,,,
Arvind Kejriwal still believes EVMs were tampered to defeat AAP People who believe earth is flat have requested him to,,,,,,,,,,,,
Arvind Kejriwal still believes EVMs were tampered to defeat AAP People who believe earth is flat have requested him to,,,,,,,,,,,,
Arvind Kejriwal still believes EVMs were tampered to defeat AAP People who believe earth is flat have requested him to,,,,,,,,,,,,
Arvind Kejriwal still believes EVMs were tampered to defeat AAP People who believe earth is flat have requested him to,,,,,,,,,,,,
Arvind Kejriwal still believes EVMs were tampered to defeat AAP People who believe earth is flat have requested him to,,,,,,,,,,,,
LG house now base to topple Delhi government Arvind Kejriwal Times of xa India,,,,,,,,,,,,
Arvind Kejriwal still believes EVMs were tampered to defeat AAP People who believe earth is flat have requested him to,,,,,,,,,,,,
Arvind Kejriwal still believes EVMs were tampered to defeat AAP People who believe earth is flat have requested him to,,,,,,,,,,,,
Arvind Kejriwal still believes EVMs were tampered to defeat AAP People who believe earth is flat have requested him to,,,,,,,,,,,,
Sign my Petition Arvind Kejriwal Erbitant Prices amp Unhealthy Junk Food in Mutliplexes,,,,,,,,,,,,
Arvind Kejriwal still believes EVMs were tampered to defeat AAP People who believe earth is flat have requested him to,,,,,,,,,,,,
Arvind Kejriwal still believes EVMs were tampered to defeat AAP People who believe earth is flat have requested him to,,,,,,,,,,,,
Targets Hopes to Win,,,,,,,,,,,,
BJP Targets Arvind Kejriwal Hopes to Win MCD Election,,,,,,,,,,,,
Arvind Kejriwal still believes EVMs were tampered to defeat AAP People who believe earth is flat have requested him to,,,,,,,,,,,,
Arvind Kejriwal still believes EVMs were tampered to defeat AAP People who believe earth is flat have requested him to,,,,,,,,,,,,
Arvind Kejriwal still believes EVMs were tampered to defeat AAP People who believe earth is flat have requested him to,,,,,,,,,,,,
Arvind Kejriwal still believes EVMs were tampered to defeat AAP People who believe earth is flat have requested him to,,,,,,,,,,,,
Arvind Kejriwal still believes EVMs were tampered to defeat AAP People who believe earth is flat have requested him to,,,,,,,,,,,,
BJP Targets Arvind Kejriwal Hopes to Win MCD Election,,,,,,,,,,,,
Arvind Kejriwal still believes EVMs were tampered to defeat AAP People who believe earth is flat have requested him to,,,,,,,,,,,,
Arvind Kejriwal still believes EVMs were tampered to defeat AAP People who believe earth is flat have requested him to,,,,,,,,,,,,
Arvind Kejriwal still believes EVMs were tampered to defeat AAP People who believe earth is flat have requested him to,,,,,,,,,,,,
CM Arvind Kejriwal s public grievance management system has resolved over complaints since its formation in,,,,,,,,,,,,
Arvind Kejriwal still believes EVMs were tampered to defeat AAP People who believe earth is flat have requested him to,,,,,,,,,,,,
Arvind Kejriwal still believes EVMs were tampered to defeat AAP People who believe earth is flat have requested him to,,,,,,,,,,,,
Arvind Kejriwal still believes EVMs were tampered to defeat AAP People who believe earth is flat have requested him to,,,,,,,,,,,,
Arvind Kejriwal still believes EVMs were tampered to defeat AAP People who believe earth is flat have requested him to,,,,,,,,,,,,
Arvind Kejriwal still believes EVMs were tampered to defeat AAP People who believe earth is flat have requested him to,,,,,,,,,,,,
Arvind Kejriwal still believes EVMs were tampered to defeat AAP People who believe earth is flat have requested him to,,,,,,,,,,,,
Arvind Kejriwal still believes EVMs were tampered to defeat AAP People who believe earth is flat have requested him to,,,,,,,,,,,,
Arvind Kejriwal still believes EVMs were tampered to defeat AAP People who believe earth is flat have requested him to,,,,,,,,,,,,
Arvind Kejriwal still believes EVMs were tampered to defeat AAP People who believe earth is flat have requested him to,,,,,,,,,,,,
Arvind Kejriwal still believes EVMs were tampered to defeat AAP People who believe earth is flat have requested him to,,,,,,,,,,,,
I am IIT engineer know ways to tamper EVMs Arvind Kejriwal,,,,,,,,,,,,
Arvind Kejriwal still believes EVMs were tampered to defeat AAP People who believe earth is flat have requested him to,,,,,,,,,,,,
Arvind Kejriwal still believes EVMs were tampered to defeat AAP People who believe earth is flat have requested him to,,,,,,,,,,,,
Arvind Kejriwal still believes EVMs were tampered to defeat AAP People who believe earth is flat have requested him to,,,,,,,,,,,,
Arvind Kejriwal still believes EVMs were tampered to defeat AAP People who believe earth is flat have requested him to,,,,,,,,,,,,
Arvind Kejriwal wants MCD polls to be postponed seeks EVMs with paper trail,,,,,,,,,,,,
Arvind Kejriwal still believes EVMs were tampered to defeat AAP People who believe earth is flat have requested him to,,,,,,,,,,,,
Arvind Kejriwal still believes EVMs were tampered to defeat AAP People who believe earth is flat have requested him to,,,,,,,,,,,,
Arvind Kejriwal still believes EVMs were tampered to defeat AAP People who believe earth is flat have requested him to,,,,,,,,,,,,
Arvind Kejriwal still believes EVMs were tampered to defeat AAP People who believe earth is flat have requested him to,,,,,,,,,,,,
Arvind Kejriwal still believes EVMs were tampered to defeat AAP People who believe earth is flat have requested him to,,,,,,,,,,,,
coming from Yamuna Vihar uncle was saying Arvind Kejriwal is trying hard to change Delhi s education system schools are gett,,,,,,,,,,,,
Arvind Kejriwal still believes EVMs were tampered to defeat AAP People who believe earth is flat have requested him to,,,,,,,,,,,,
LG house now base to topple Delhi government Arvind Kejriwal Times of India,,,,,,,,,,,,
Arvind Kejriwal still believes EVMs were tampered to defeat AAP People who believe earth is flat have requested him to,,,,,,,,,,,,
wants to be postponed seeks with paper trail,,,,,,,,,,,,
Arvind Kejriwal still believes EVMs were tampered to defeat AAP People who believe earth is flat have requested him to,,,,,,,,,,,,
Arvind Kejriwal still believes EVMs were tampered to defeat AAP People who believe earth is flat have requested him to,,,,,,,,,,,,
Arvind Kejriwal still believes EVMs were tampered to defeat AAP People who believe earth is flat have requested him to,,,,,,,,,,,,
Arvind Kejriwal still believes EVMs were tampered to defeat AAP People who believe earth is flat have requested him to,,,,,,,,,,,,
Arvind Kejriwal still believes EVMs were tampered to defeat AAP People who believe earth is flat have requested him to,,,,,,,,,,,,
Arvind Kejriwal still believes EVMs were tampered to defeat AAP People who believe earth is flat have requested him to,,,,,,,,,,,,
Arvind Kejriwal still believes EVMs were tampered to defeat AAP People who believe earth is flat have requested him to,,,,,,,,,,,,
Arvind Kejriwal still believes EVMs were tampered to defeat AAP People who believe earth is flat have requested him to,,,,,,,,,,,,
Arvind Kejriwal still believes EVMs were tampered to defeat AAP People who believe earth is flat have requested him to,,,,,,,,,,,,
Arvind Kejriwal still believes EVMs were tampered to defeat AAP People who believe earth is flat have requested him to,,,,,,,,,,,,
Arvind Kejriwal still believes EVMs were tampered to defeat AAP People who believe earth is flat have requested him to,,,,,,,,,,,,
Arvind Kejriwal still believes EVMs were tampered to defeat AAP People who believe earth is flat have requested him to,,,,,,,,,,,,
Arvind Kejriwal still believes EVMs were tampered to defeat AAP People who believe earth is flat have requested him to,,,,,,,,,,,,
Arvind Kejriwal still believes EVMs were tampered to defeat AAP People who believe earth is flat have requested him to,,,,,,,,,,,,
Arvind Kejriwal still believes EVMs were tampered to defeat AAP People who believe earth is flat have requested him to,,,,,,,,,,,,
Arvind Kejriwal still believes EVMs were tampered to defeat AAP People who believe earth is flat have requested him to,,,,,,,,,,,,
Arvind Kejriwal still believes EVMs were tampered to defeat AAP People who believe earth is flat have requested him to,,,,,,,,,,,,
Arvind Kejriwal still believes EVMs were tampered to defeat AAP People who believe earth is flat have requested him to,,,,,,,,,,,,
Arvind Kejriwal still believes EVMs were tampered to defeat AAP People who believe earth is flat have requested him to,,,,,,,,,,,,
Arvind Kejriwal still believes EVMs were tampered to defeat AAP People who believe earth is flat have requested him to,,,,,,,,,,,,
Arvind Kejriwal still believes EVMs were tampered to defeat AAP People who believe earth is flat have requested him to,,,,,,,,,,,,
Arvind Kejriwal still believes EVMs were tampered to defeat AAP People who believe earth is flat have requested him to,,,,,,,,,,,,
Arvind Kejriwal still believes EVMs were tampered to defeat AAP People who believe earth is flat have requested him to,,,,,,,,,,,,
Arvind Kejriwal still believes EVMs were tampered to defeat AAP People who believe earth is flat have requested him to,,,,,,,,,,,,
Arvind Kejriwal still believes EVMs were tampered to defeat AAP People who believe earth is flat have requested him to,,,,,,,,,,,,
Arvind Kejriwal still believes EVMs were tampered to defeat AAP People who believe earth is flat have requested him to,,,,,,,,,,,,
Arvind Kejriwal still believes EVMs were tampered to defeat AAP People who believe earth is flat have requested him to,,,,,,,,,,,,
Arvind Kejriwal still believes EVMs were tampered to defeat AAP People who believe earth is flat have requested him to,,,,,,,,,,,,
Arvind Kejriwal still believes EVMs were tampered to defeat AAP People who believe earth is flat have requested him to,,,,,,,,,,,,
Arvind Kejriwal still believes EVMs were tampered to defeat AAP People who believe earth is flat have requested him to,,,,,,,,,,,,
Arvind Kejriwal still believes EVMs were tampered to defeat AAP People who believe earth is flat have requested him to,,,,,,,,,,,,
Arvind Kejriwal still believes EVMs were tampered to defeat AAP People who believe earth is flat have requested him to,,,,,,,,,,,,
Arvind Kejriwal still believes EVMs were tampered to defeat AAP People who believe earth is flat have requested him to,,,,,,,,,,,,
Arvind Kejriwal still believes EVMs were tampered to defeat AAP People who believe earth is flat have requested him to,,,,,,,,,,,,
INDIA TODAY covered all most all main points of I So read it and share it as,,,,,,,,,,,,
Arvind Kejriwal still believes EVMs were tampered to defeat AAP People who believe earth is flat have requested him to,,,,,,,,,,,,
Arvind Kejriwal still believes EVMs were tampered to defeat AAP People who believe earth is flat have requested him to,,,,,,,,,,,,
Arvind Kejriwal still believes EVMs were tampered to defeat AAP People who believe earth is flat have requested him to,,,,,,,,,,,,
Arvind Kejriwal still believes EVMs were tampered to defeat AAP People who believe earth is flat have requested him to,,,,,,,,,,,,
Arvind Kejriwal still believes EVMs were tampered to defeat AAP People who believe earth is flat have requested him to,,,,,,,,,,,,
Arvind Kejriwal still believes EVMs were tampered to defeat AAP People who believe earth is flat have requested him to,,,,,,,,,,,,
Arvind Kejriwal still believes EVMs were tampered to defeat AAP People who believe earth is flat have requested him to,,,,,,,,,,,,
Arvind Kejriwal still believes EVMs were tampered to defeat AAP People who believe earth is flat have requested him to,,,,,,,,,,,,
Arvind Kejriwal still believes EVMs were tampered to defeat AAP People who believe earth is flat have requested him to,,,,,,,,,,,,
Arvind Kejriwal still believes EVMs were tampered to defeat AAP People who believe earth is flat have requested him to,,,,,,,,,,,,
Arvind Kejriwal still believes EVMs were tampered to defeat AAP People who believe earth is flat have requested him to,,,,,,,,,,,,
You re an IT graduate tell us how EVMs can be hacked Nidhi Razdan to Arvind Kejriwal,,,,,,,,,,,,
Arvind Kejriwal still believes EVMs were tampered to defeat AAP People who believe earth is flat have requested him to,,,,,,,,,,,,
Arvind Kejriwal still believes EVMs were tampered to defeat AAP People who believe earth is flat have requested him to,,,,,,,,,,,,
Arvind Kejriwal still believes EVMs were tampered to defeat AAP People who believe earth is flat have requested him to,,,,,,,,,,,,
Arvind Kejriwal still believes EVMs were tampered to defeat AAP People who believe earth is flat have requested him to,,,,,,,,,,,,
Arvind Kejriwal still believes EVMs were tampered to defeat AAP People who believe earth is flat have requested him to,,,,,,,,,,,,
Arvind Kejriwal still believes EVMs were tampered to defeat AAP People who believe earth is flat have requested him to,,,,,,,,,,,,
Arvind Kejriwal still believes EVMs were tampered to defeat AAP People who believe earth is flat have requested him to,,,,,,,,,,,,
Arvind Kejriwal still believes EVMs were tampered to defeat AAP People who believe earth is flat have requested him to,,,,,,,,,,,,
Arvind Kejriwal still believes EVMs were tampered to defeat AAP People who believe earth is flat have requested him to,,,,,,,,,,,,
Arvind Kejriwal still believes EVMs were tampered to defeat AAP People who believe earth is flat have requested him to,,,,,,,,,,,,
The result of Rajouri Garden bypoll proves that Arvind Kejriwal and his team is completely eed in front of people,,,,,,,,,,,,
Arvind Kejriwal still believes EVMs were tampered to defeat AAP People who believe earth is flat have requested him to,,,,,,,,,,,,
Arvind Kejriwal still believes EVMs were tampered to defeat AAP People who believe earth is flat have requested him to,,,,,,,,,,,,
Another rd class stunt from a rd class engineer Why is he never tired of stinking,,,,,,,,,,,,
Arvind Kejriwal still believes EVMs were tampered to defeat AAP People who believe earth is flat have requested him to,,,,,,,,,,,,
Arvind Kejriwal still believes EVMs were tampered to defeat AAP People who believe earth is flat have requested him to,,,,,,,,,,,,
Arvind Kejriwal still believes EVMs were tampered to defeat AAP People who believe earth is flat have requested him to,,,,,,,,,,,,
Arvind Kejriwal still believes EVMs were tampered to defeat AAP People who believe earth is flat have requested him to,,,,,,,,,,,,
Arvind Kejriwal still believes EVMs were tampered to defeat AAP People who believe earth is flat have requested him to,,,,,,,,,,,,
Arvind Kejriwal still believes EVMs were tampered to defeat AAP People who believe earth is flat have requested him to,,,,,,,,,,,,
What did to is why India s seeing environmental,,,,,,,,,,,,
Arvind Kejriwal still believes EVMs were tampered to defeat AAP People who believe earth is flat have requested him to,,,,,,,,,,,,
Arvind Kejriwal still believes EVMs were tampered to defeat AAP People who believe earth is flat have requested him to,,,,,,,,,,,,
Arvind Kejriwal still believes EVMs were tampered to defeat AAP People who believe earth is flat have requested him to,,,,,,,,,,,,
Arvind Kejriwal still believes EVMs were tampered to defeat AAP People who believe earth is flat have requested him to,,,,,,,,,,,,
Arvind Kejriwal still believes EVMs were tampered to defeat AAP People who believe earth is flat have requested him to,,,,,,,,,,,,
Arvind Kejriwal still believes EVMs were tampered to defeat AAP People who believe earth is flat have requested him to,,,,,,,,,,,,
Arvind Kejriwal still believes EVMs were tampered to defeat AAP People who believe earth is flat have requested him to,,,,,,,,,,,,
Arvind Kejriwal still believes EVMs were tampered to defeat AAP People who believe earth is flat have requested him to,,,,,,,,,,,,
Arvind Kejriwal still believes EVMs were tampered to defeat AAP People who believe earth is flat have requested him to,,,,,,,,,,,,
Arvind Kejriwal still believes EVMs were tampered to defeat AAP People who believe earth is flat have requested him to,,,,,,,,,,,,
Arvind Kejriwal still believes EVMs were tampered to defeat AAP People who believe earth is flat have requested him to,,,,,,,,,,,,
Arvind Kejriwal still believes EVMs were tampered to defeat AAP People who believe earth is flat have requested him to,,,,,,,,,,,,
Arvind Kejriwal still believes EVMs were tampered to defeat AAP People who believe earth is flat have requested him to,,,,,,,,,,,,
The result of Rajouri Garden bypoll proves that Arvind Kejriwal and his team is completely eed in front of people,,,,,,,,,,,,
Arvind Kejriwal still believes EVMs were tampered to defeat AAP People who believe earth is flat have requested him to,,,,,,,,,,,,
INDIA TODAY covered all most all main points of I So read it and share it as,,,,,,,,,,,,
Arvind Kejriwal still believes EVMs were tampered to defeat AAP People who believe earth is flat have requested him to,,,,,,,,,,,,
Arvind Kejriwal still believes EVMs were tampered to defeat AAP People who believe earth is flat have requested him to,,,,,,,,,,,,
How will he solve the problem of CM not releasing money even if they win,,,,,,,,,,,,
Arvind Kejriwal still believes EVMs were tampered to defeat AAP People who believe earth is flat have requested him to,,,,,,,,,,,,
Arvind Kejriwal still believes EVMs were tampered to defeat AAP People who believe earth is flat have requested him to,,,,,,,,,,,,
Arvind Kejriwal still believes EVMs were tampered to defeat AAP People who believe earth is flat have requested him to,,,,,,,,,,,,
Congratulations to Arvind Kejriwal for stunning victory in Not only AAP won thousand hearts better news is BJP w,,,,,,,,,,,,
The result of Rajouri Garden bypoll proves that Arvind Kejriwal and his team is completely eed in front of people,,,,,,,,,,,,
The result of Rajouri Garden bypoll proves that Arvind Kejriwal and his team is completely eed in front of people,,,,,,,,,,,,
Case against Arvind Kejriwal for misleading people through video advertisements Read more at,,,,,,,,,,,,
Case against Arvind Kejriwal for misleading people through video advertisements Read more at,,,,,,,,,,,,
As IIT Engineer Can Share Ways To Rig EVMs Says Arvind Kejriwal NDTV,,,,,,,,,,,,
Arvind Kejriwal still believes EVMs were tampered to defeat AAP People who believe earth is flat have requested him to,,,,,,,,,,,,
As IIT Engineer Can Share Ways To Rig EVMs Says Arvind Kejriwal NDTV,,,,,,,,,,,,
Ram Jethmalani says he is ready to defend for free,,,,,,,,,,,,
Election commission is the new Crush of Arvind kejriwal he has been repeatedly taking their name,,,,,,,,,,,,
Congratulations to Arvind Kejriwal for stunning victory in Not only AAP won thousand hearts better news is BJP w,,,,,,,,,,,,
Arvind Kejriwal still believes EVMs were tampered to defeat AAP People who believe earth is flat have requested him to,,,,,,,,,,,,
Pls vote between PM Modi and CM Arvind Kejriwal who told more lies,,,,,,,,,,,,
Arvind Kejriwal still believes EVMs were tampered to defeat AAP People who believe earth is flat have requested him to,,,,,,,,,,,,
Arvind Kejriwal still believes EVMs were tampered to defeat AAP People who believe earth is flat have requested him to,,,,,,,,,,,,
As IIT Engineer Can Share Ways To Rig EVMs Says Arvind Kejriwal NDTV,,,,,,,,,,,,
Arvind Kejriwal still believes EVMs were tampered to defeat AAP People who believe earth is flat have requested him to,,,,,,,,,,,,
Watch this damning video wherein Kumar Vishwas blames Arvind Kejriwal https,,,,,,,,,,,,
As IIT Engineer Can Share Ways To Rig EVMs Says Arvind Kejriwal NDTV,,,,,,,,,,,,
Arvind Kejriwal still believes EVMs were tampered to defeat AAP People who believe earth is flat have requested him to,,,,,,,,,,,,
As IIT Engineer Can Share Ways To Rig EVMs Says Arvind Kejriwal NDTV,,,,,,,,,,,,
As IIT Engineer Can Share Ways To Rig EVMs Says Arvind Kejriwal NDTV,,,,,,,,,,,,
As IIT Engineer Can Share Ways To Rig EVMs Says Arvind Kejriwal NDTV,,,,,,,,,,,,
LG house now base to topple Delhi government Arvind Kejriwal I pray god gvSomeSense MrAK,,,,,,,,,,,,
Arvind Kejriwal Wants MCD Polls Deferred Election Commission Turns Down Request via,,,,,,,,,,,,
Arvind Kejriwal still believes EVMs were tampered to defeat AAP People who believe earth is flat have requested him to,,,,,,,,,,,,
Arvind Kejriwal still believes EVMs were tampered to defeat AAP People who believe earth is flat have requested him to,,,,,,,,,,,,
Arvind Kejriwal still believes EVMs were tampered to defeat AAP People who believe earth is flat have requested him to,,,,,,,,,,,,
Arvind Kejriwal still believes EVMs were tampered to defeat AAP People who believe earth is flat have requested him to,,,,,,,,,,,,
I support Arvind Kejriwal in this Electronics engineer here From Fabrication to code burn to assembl,,,,,,,,,,,,
Arvind Kejriwal still believes EVMs were tampered to defeat AAP People who believe earth is flat have requested him to,,,,,,,,,,,,
As IIT Engineer Can Share Ways To Rig EVMs Says Arvind Kejriwal NDTV,,,,,,,,,,,,
Arvind Kejriwal still believes EVMs were tampered to defeat AAP People who believe earth is flat have requested him to,,,,,,,,,,,,
Arvind Kejriwal still believes EVMs were tampered to defeat AAP People who believe earth is flat have requested him to,,,,,,,,,,,,
Arvind Kejriwal still believes EVMs were tampered to defeat AAP People who believe earth is flat have requested him to,,,,,,,,,,,,
Arvind Kejriwal still believes EVMs were tampered to defeat AAP People who believe earth is flat have requested him to,,,,,,,,,,,,
As IIT Engineer Can Share Ways To Rig EVMs Says Arvind Kejriwal NDTV,,,,,,,,,,,,
Arvind Kejriwal still believes EVMs were tampered to defeat AAP People who believe earth is flat have requested him to,,,,,,,,,,,,
IIT should sue Arvind Kejriwal for defamation on his statement that Being an IITian he can hack EVM machine,,,,,,,,,,,,
As IIT Engineer Can Share Ways To Rig EVMs Says Arvind Kejriwal NDTV,,,,,,,,,,,,
As IIT Engineer Can Share Ways To Rig EVMs Says Arvind Kejriwal NDTV,,,,,,,,,,,,
Arvind Kejriwal still believes EVMs were tampered to defeat AAP People who believe earth is flat have requested him to,,,,,,,,,,,,
Arvind Kejriwal still believes EVMs were tampered to defeat AAP People who believe earth is flat have requested him to,,,,,,,,,,,,
IIT should sue Arvind Kejriwal for defamation on his statement that Being an IITian he can hack EVM machine,,,,,,,,,,,,
As IIT Engineer Can Share Ways To Rig EVMs Says Arvind Kejriwal NDTV,,,,,,,,,,,,
Arvind Kejriwal still believes EVMs were tampered to defeat AAP People who believe earth is flat have requested him to,,,,,,,,,,,,
As IIT Engineer Can Share Ways To Rig EVMs Says Arvind Kejriwal NDTV,,,,,,,,,,,,
Arvind Kejriwal still believes EVMs were tampered to defeat AAP People who believe earth is flat have requested him to,,,,,,,,,,,,
seeks Arvind Kejriwal s resignation for misuse of public money amp official position,,,,,,,,,,,,
As IIT Engineer Can Share Ways To Rig EVMs Says Arvind Kejriwal NDTV,,,,,,,,,,,,
Arvind Kejriwal still believes EVMs were tampered to defeat AAP People who believe earth is flat have requested him to,,,,,,,,,,,,
Arvind Kejriwal On Huge Losses In Punjab Delhi via This is the mentality of this loser Excuses are ready,,,,,,,,,,,,
Arvind Kejriwal still believes EVMs were tampered to defeat AAP People who believe earth is flat have requested him to,,,,,,,,,,,,
Arvind Kejriwal still believes EVMs were tampered to defeat AAP People who believe earth is flat have requested him to,,,,,,,,,,,,
Arvind Kejriwal still believes EVMs were tampered to defeat AAP People who believe earth is flat have requested him to,,,,,,,,,,,,
Arvind Kejriwal still believes EVMs were tampered to defeat AAP People who believe earth is flat have requested him to,,,,,,,,,,,,
Arvind Kejriwal still believes EVMs were tampered to defeat AAP People who believe earth is flat have requested him to,,,,,,,,,,,,
Arvind Kejriwal still believes EVMs were tampered to defeat AAP People who believe earth is flat have requested him to,,,,,,,,,,,,
The result of Rajouri Garden bypoll proves that Arvind Kejriwal and his team is completely eed in front of people,,,,,,,,,,,,
Arvind Kejriwal still believes EVMs were tampered to defeat AAP People who believe earth is flat have requested him to,,,,,,,,,,,,
Arvind Kejriwal still believes EVMs were tampered to defeat AAP People who believe earth is flat have requested him to,,,,,,,,,,,,
Arvind Kejriwal still believes EVMs were tampered to defeat AAP People who believe earth is flat have requested him to,,,,,,,,,,,,
TIL Desk New Delhi Delhi Chief Minister Arvind Kejriwal today demanded that the municipal polls be postponed,,,,,,,,,,,,
Arvind Kejriwal still believes EVMs were tampered to defeat AAP People who believe earth is flat have requested him to,,,,,,,,,,,,
Arvind Kejriwal still believes EVMs were tampered to defeat AAP People who believe earth is flat have requested him to,,,,,,,,,,,,
Arvind Kejriwal still believes EVMs were tampered to defeat AAP People who believe earth is flat have requested him to,,,,,,,,,,,,
Arvind Kejriwal still believes EVMs were tampered to defeat AAP People who believe earth is flat have requested him to,,,,,,,,,,,,
Arvind Kejriwal still believes EVMs were tampered to defeat AAP People who believe earth is flat have requested him to,,,,,,,,,,,,
LG house now base to topple Delhi government Arvind Kejriwal Times of xa India,,,,,,,,,,,,
Arvind Kejriwal still believes EVMs were tampered to defeat AAP People who believe earth is flat have requested him to,,,,,,,,,,,,
Arvind Kejriwal still believes EVMs were tampered to defeat AAP People who believe earth is flat have requested him to,,,,,,,,,,,,
Arvind Kejriwal still believes EVMs were tampered to defeat AAP People who believe earth is flat have requested him to,,,,,,,,,,,,
Sign my Petition Arvind Kejriwal Erbitant Prices amp Unhealthy Junk Food in Mutliplexes,,,,,,,,,,,,
Arvind Kejriwal still believes EVMs were tampered to defeat AAP People who believe earth is flat have requested him to,,,,,,,,,,,,
Arvind Kejriwal still believes EVMs were tampered to defeat AAP People who believe earth is flat have requested him to,,,,,,,,,,,,
Targets Hopes to Win,,,,,,,,,,,,
BJP Targets Arvind Kejriwal Hopes to Win MCD Election,,,,,,,,,,,,
Arvind Kejriwal still believes EVMs were tampered to defeat AAP People who believe earth is flat have requested him to,,,,,,,,,,,,
Arvind Kejriwal still believes EVMs were tampered to defeat AAP People who believe earth is flat have requested him to,,,,,,,,,,,,
Arvind Kejriwal still believes EVMs were tampered to defeat AAP People who believe earth is flat have requested him to,,,,,,,,,,,,
Arvind Kejriwal still believes EVMs were tampered to defeat AAP People who believe earth is flat have requested him to,,,,,,,,,,,,
Arvind Kejriwal still believes EVMs were tampered to defeat AAP People who believe earth is flat have requested him to,,,,,,,,,,,,
BJP Targets Arvind Kejriwal Hopes to Win MCD Election,,,,,,,,,,,,
Arvind Kejriwal still believes EVMs were tampered to defeat AAP People who believe earth is flat have requested him to,,,,,,,,,,,,
Arvind Kejriwal still believes EVMs were tampered to defeat AAP People who believe earth is flat have requested him to,,,,,,,,,,,,
Arvind Kejriwal still believes EVMs were tampered to defeat AAP People who believe earth is flat have requested him to,,,,,,,,,,,,
CM Arvind Kejriwal s public grievance management system has resolved over complaints since its formation in,,,,,,,,,,,,
Arvind Kejriwal still believes EVMs were tampered to defeat AAP People who believe earth is flat have requested him to,,,,,,,,,,,,
Arvind Kejriwal still believes EVMs were tampered to defeat AAP People who believe earth is flat have requested him to,,,,,,,,,,,,
Arvind Kejriwal still believes EVMs were tampered to defeat AAP People who believe earth is flat have requested him to,,,,,,,,,,,,
Arvind Kejriwal still believes EVMs were tampered to defeat AAP People who believe earth is flat have requested him to,,,,,,,,,,,,
Arvind Kejriwal still believes EVMs were tampered to defeat AAP People who believe earth is flat have requested him to,,,,,,,,,,,,
Arvind Kejriwal still believes EVMs were tampered to defeat AAP People who believe earth is flat have requested him to,,,,,,,,,,,,
Arvind Kejriwal still believes EVMs were tampered to defeat AAP People who believe earth is flat have requested him to,,,,,,,,,,,,
Arvind Kejriwal still believes EVMs were tampered to defeat AAP People who believe earth is flat have requested him to,,,,,,,,,,,,
Arvind Kejriwal still believes EVMs were tampered to defeat AAP People who believe earth is flat have requested him to,,,,,,,,,,,,
Arvind Kejriwal still believes EVMs were tampered to defeat AAP People who believe earth is flat have requested him to,,,,,,,,,,,,
I am IIT engineer know ways to tamper EVMs Arvind Kejriwal,,,,,,,,,,,,
Arvind Kejriwal still believes EVMs were tampered to defeat AAP People who believe earth is flat have requested him to,,,,,,,,,,,,
Arvind Kejriwal still believes EVMs were tampered to defeat AAP People who believe earth is flat have requested him to,,,,,,,,,,,,
Arvind Kejriwal still believes EVMs were tampered to defeat AAP People who believe earth is flat have requested him to,,,,,,,,,,,,
Arvind Kejriwal still believes EVMs were tampered to defeat AAP People who believe earth is flat have requested him to,,,,,,,,,,,,
Arvind Kejriwal wants MCD polls to be postponed seeks EVMs with paper trail,,,,,,,,,,,,
Arvind Kejriwal still believes EVMs were tampered to defeat AAP People who believe earth is flat have requested him to,,,,,,,,,,,,
Arvind Kejriwal still believes EVMs were tampered to defeat AAP People who believe earth is flat have requested him to,,,,,,,,,,,,
Arvind Kejriwal still believes EVMs were tampered to defeat AAP People who believe earth is flat have requested him to,,,,,,,,,,,,
Arvind Kejriwal still believes EVMs were tampered to defeat AAP People who believe earth is flat have requested him to,,,,,,,,,,,,
Arvind Kejriwal still believes EVMs were tampered to defeat AAP People who believe earth is flat have requested him to,,,,,,,,,,,,
coming from Yamuna Vihar uncle was saying Arvind Kejriwal is trying hard to change Delhi s education system schools are gett,,,,,,,,,,,,
Arvind Kejriwal still believes EVMs were tampered to defeat AAP People who believe earth is flat have requested him to,,,,,,,,,,,,
LG house now base to topple Delhi government Arvind Kejriwal Times of India,,,,,,,,,,,,
Arvind Kejriwal still believes EVMs were tampered to defeat AAP People who believe earth is flat have requested him to,,,,,,,,,,,,
wants to be postponed seeks with paper trail,,,,,,,,,,,,
Arvind Kejriwal still believes EVMs were tampered to defeat AAP People who believe earth is flat have requested him to,,,,,,,,,,,,
Arvind Kejriwal still believes EVMs were tampered to defeat AAP People who believe earth is flat have requested him to,,,,,,,,,,,,
Arvind Kejriwal still believes EVMs were tampered to defeat AAP People who believe earth is flat have requested him to,,,,,,,,,,,,
Arvind Kejriwal still believes EVMs were tampered to defeat AAP People who believe earth is flat have requested him to,,,,,,,,,,,,
Arvind Kejriwal still believes EVMs were tampered to defeat AAP People who believe earth is flat have requested him to,,,,,,,,,,,,
Arvind Kejriwal still believes EVMs were tampered to defeat AAP People who believe earth is flat have requested him to,,,,,,,,,,,,
Arvind Kejriwal still believes EVMs were tampered to defeat AAP People who believe earth is flat have requested him to,,,,,,,,,,,,
Arvind Kejriwal still believes EVMs were tampered to defeat AAP People who believe earth is flat have requested him to,,,,,,,,,,,,
Arvind Kejriwal still believes EVMs were tampered to defeat AAP People who believe earth is flat have requested him to,,,,,,,,,,,,
Arvind Kejriwal still believes EVMs were tampered to defeat AAP People who believe earth is flat have requested him to,,,,,,,,,,,,
Arvind Kejriwal still believes EVMs were tampered to defeat AAP People who believe earth is flat have requested him to,,,,,,,,,,,,
Arvind Kejriwal still believes EVMs were tampered to defeat AAP People who believe earth is flat have requested him to,,,,,,,,,,,,
Arvind Kejriwal still believes EVMs were tampered to defeat AAP People who believe earth is flat have requested him to,,,,,,,,,,,,
Arvind Kejriwal still believes EVMs were tampered to defeat AAP People who believe earth is flat have requested him to,,,,,,,,,,,,
Arvind Kejriwal still believes EVMs were tampered to defeat AAP People who believe earth is flat have requested him to,,,,,,,,,,,,
Arvind Kejriwal still believes EVMs were tampered to defeat AAP People who believe earth is flat have requested him to,,,,,,,,,,,,
Arvind Kejriwal still believes EVMs were tampered to defeat AAP People who believe earth is flat have requested him to,,,,,,,,,,,,
Arvind Kejriwal still believes EVMs were tampered to defeat AAP People who believe earth is flat have requested him to,,,,,,,,,,,,
Arvind Kejriwal still believes EVMs were tampered to defeat AAP People who believe earth is flat have requested him to,,,,,,,,,,,,
Arvind Kejriwal still believes EVMs were tampered to defeat AAP People who believe earth is flat have requested him to,,,,,,,,,,,,
Arvind Kejriwal still believes EVMs were tampered to defeat AAP People who believe earth is flat have requested him to,,,,,,,,,,,,
Arvind Kejriwal still believes EVMs were tampered to defeat AAP People who believe earth is flat have requested him to,,,,,,,,,,,,
Arvind Kejriwal still believes EVMs were tampered to defeat AAP People who believe earth is flat have requested him to,,,,,,,,,,,,
Arvind Kejriwal still believes EVMs were tampered to defeat AAP People who believe earth is flat have requested him to,,,,,,,,,,,,
Arvind Kejriwal still believes EVMs were tampered to defeat AAP People who believe earth is flat have requested him to,,,,,,,,,,,,
Arvind Kejriwal still believes EVMs were tampered to defeat AAP People who believe earth is flat have requested him to,,,,,,,,,,,,
Arvind Kejriwal still believes EVMs were tampered to defeat AAP People who believe earth is flat have requested him to,,,,,,,,,,,,
Arvind Kejriwal still believes EVMs were tampered to defeat AAP People who believe earth is flat have requested him to,,,,,,,,,,,,
Arvind Kejriwal still believes EVMs were tampered to defeat AAP People who believe earth is flat have requested him to,,,,,,,,,,,,
Arvind Kejriwal still believes EVMs were tampered to defeat AAP People who believe earth is flat have requested him to,,,,,,,,,,,,
Arvind Kejriwal still believes EVMs were tampered to defeat AAP People who believe earth is flat have requested him to,,,,,,,,,,,,
Arvind Kejriwal still believes EVMs were tampered to defeat AAP People who believe earth is flat have requested him to,,,,,,,,,,,,
Arvind Kejriwal still believes EVMs were tampered to defeat AAP People who believe earth is flat have requested him to,,,,,,,,,,,,
Arvind Kejriwal still believes EVMs were tampered to defeat AAP People who believe earth is flat have requested him to,,,,,,,,,,,,
INDIA TODAY covered all most all main points of I So read it and share it as,,,,,,,,,,,,
Arvind Kejriwal still believes EVMs were tampered to defeat AAP People who believe earth is flat have requested him to,,,,,,,,,,,,
Arvind Kejriwal still believes EVMs were tampered to defeat AAP People who believe earth is flat have requested him to,,,,,,,,,,,,
Arvind Kejriwal still believes EVMs were tampered to defeat AAP People who believe earth is flat have requested him to,,,,,,,,,,,,
Arvind Kejriwal still believes EVMs were tampered to defeat AAP People who believe earth is flat have requested him to,,,,,,,,,,,,
Arvind Kejriwal still believes EVMs were tampered to defeat AAP People who believe earth is flat have requested him to,,,,,,,,,,,,
Arvind Kejriwal still believes EVMs were tampered to defeat AAP People who believe earth is flat have requested him to,,,,,,,,,,,,
Arvind Kejriwal still believes EVMs were tampered to defeat AAP People who believe earth is flat have requested him to,,,,,,,,,,,,
Arvind Kejriwal still believes EVMs were tampered to defeat AAP People who believe earth is flat have requested him to,,,,,,,,,,,,
Arvind Kejriwal still believes EVMs were tampered to defeat AAP People who believe earth is flat have requested him to,,,,,,,,,,,,
Arvind Kejriwal still believes EVMs were tampered to defeat AAP People who believe earth is flat have requested him to,,,,,,,,,,,,
Arvind Kejriwal still believes EVMs were tampered to defeat AAP People who believe earth is flat have requested him to,,,,,,,,,,,,
You re an IT graduate tell us how EVMs can be hacked Nidhi Razdan to Arvind Kejriwal,,,,,,,,,,,,
Arvind Kejriwal still believes EVMs were tampered to defeat AAP People who believe earth is flat have requested him to,,,,,,,,,,,,
Arvind Kejriwal still believes EVMs were tampered to defeat AAP People who believe earth is flat have requested him to,,,,,,,,,,,,
Arvind Kejriwal still believes EVMs were tampered to defeat AAP People who believe earth is flat have requested him to,,,,,,,,,,,,
Arvind Kejriwal still believes EVMs were tampered to defeat AAP People who believe earth is flat have requested him to,,,,,,,,,,,,
Arvind Kejriwal still believes EVMs were tampered to defeat AAP People who believe earth is flat have requested him to,,,,,,,,,,,,
Arvind Kejriwal still believes EVMs were tampered to defeat AAP People who believe earth is flat have requested him to,,,,,,,,,,,,
Arvind Kejriwal still believes EVMs were tampered to defeat AAP People who believe earth is flat have requested him to,,,,,,,,,,,,
Arvind Kejriwal still believes EVMs were tampered to defeat AAP People who believe earth is flat have requested him to,,,,,,,,,,,,
Arvind Kejriwal still believes EVMs were tampered to defeat AAP People who believe earth is flat have requested him to,,,,,,,,,,,,
Arvind Kejriwal still believes EVMs were tampered to defeat AAP People who believe earth is flat have requested him to,,,,,,,,,,,,
The result of Rajouri Garden bypoll proves that Arvind Kejriwal and his team is completely eed in front of people,,,,,,,,,,,,
Arvind Kejriwal still believes EVMs were tampered to defeat AAP People who believe earth is flat have requested him to,,,,,,,,,,,,
Arvind Kejriwal still believes EVMs were tampered to defeat AAP People who believe earth is flat have requested him to,,,,,,,,,,,,
Another rd class stunt from a rd class engineer Why is he never tired of stinking,,,,,,,,,,,,
Arvind Kejriwal still believes EVMs were tampered to defeat AAP People who believe earth is flat have requested him to,,,,,,,,,,,,
Arvind Kejriwal still believes EVMs were tampered to defeat AAP People who believe earth is flat have requested him to,,,,,,,,,,,,
Arvind Kejriwal still believes EVMs were tampered to defeat AAP People who believe earth is flat have requested him to,,,,,,,,,,,,
Arvind Kejriwal still believes EVMs were tampered to defeat AAP People who believe earth is flat have requested him to,,,,,,,,,,,,
Arvind Kejriwal still believes EVMs were tampered to defeat AAP People who believe earth is flat have requested him to,,,,,,,,,,,,
Arvind Kejriwal still believes EVMs were tampered to defeat AAP People who believe earth is flat have requested him to,,,,,,,,,,,,
What did to is why India s seeing environmental,,,,,,,,,,,,
Arvind Kejriwal still believes EVMs were tampered to defeat AAP People who believe earth is flat have requested him to,,,,,,,,,,,,
Arvind Kejriwal still believes EVMs were tampered to defeat AAP People who believe earth is flat have requested him to,,,,,,,,,,,,
Arvind Kejriwal still believes EVMs were tampered to defeat AAP People who believe earth is flat have requested him to,,,,,,,,,,,,
Arvind Kejriwal still believes EVMs were tampered to defeat AAP People who believe earth is flat have requested him to,,,,,,,,,,,,
Arvind Kejriwal still believes EVMs were tampered to defeat AAP People who believe earth is flat have requested him to,,,,,,,,,,,,
Arvind Kejriwal still believes EVMs were tampered to defeat AAP People who believe earth is flat have requested him to,,,,,,,,,,,,
Arvind Kejriwal still believes EVMs were tampered to defeat AAP People who believe earth is flat have requested him to,,,,,,,,,,,,
Arvind Kejriwal still believes EVMs were tampered to defeat AAP People who believe earth is flat have requested him to,,,,,,,,,,,,
Arvind Kejriwal still believes EVMs were tampered to defeat AAP People who believe earth is flat have requested him to,,,,,,,,,,,,
Arvind Kejriwal still believes EVMs were tampered to defeat AAP People who believe earth is flat have requested him to,,,,,,,,,,,,
Arvind Kejriwal still believes EVMs were tampered to defeat AAP People who believe earth is flat have requested him to,,,,,,,,,,,,
Arvind Kejriwal still believes EVMs were tampered to defeat AAP People who believe earth is flat have requested him to,,,,,,,,,,,,
Arvind Kejriwal still believes EVMs were tampered to defeat AAP People who believe earth is flat have requested him to,,,,,,,,,,,,
The result of Rajouri Garden bypoll proves that Arvind Kejriwal and his team is completely eed in front of people,,,,,,,,,,,,
Arvind Kejriwal still believes EVMs were tampered to defeat AAP People who believe earth is flat have requested him to,,,,,,,,,,,,
INDIA TODAY covered all most all main points of I So read it and share it as,,,,,,,,,,,,
Arvind Kejriwal still believes EVMs were tampered to defeat AAP People who believe earth is flat have requested him to,,,,,,,,,,,,
Arvind Kejriwal still believes EVMs were tampered to defeat AAP People who believe earth is flat have requested him to,,,,,,,,,,,,
How will he solve the problem of CM not releasing money even if they win,,,,,,,,,,,,
